{"schemaVersion":"1.0","appDefinitionTemplate":{"id":"/providers/Microsoft.PowerApps/apps/","type":"Microsoft.PowerApps/apps","tags":{"primaryDeviceWidth":"1366","primaryDeviceHeight":"768","supportsPortrait":"true","supportsLandscape":"true","primaryFormFactor":"Tablet","showStatusBar":"false","publisherVersion":"3.24094.14","minimumRequiredApiVersion":"2.2.0","hasComponent":"true","hasUnlockedComponent":"true","isUnifiedRootApp":"false","sienaVersion":"20241003T152113Z-3.24094.14.0"},"properties":{"appVersion":"2024-10-03T15:21:13Z","lifeCycleId":"Published","createdByClientVersion":{"major":3,"minor":24094,"build":14,"revision":0,"majorRevision":0,"minorRevision":0},"minClientVersion":{"major":3,"minor":24094,"build":14,"revision":0,"majorRevision":0,"minorRevision":0},"backgroundColor":"RGBA(0,176,240,1)","backgroundImageUri":"/15408875997530609629/N64193ba8-1c4b-4e71-9fbf-2383a00e1bb6-logoSmallFile","displayName":"P4I Evaluation System","description":"1.1.0v","commitMessage":"","appUris":{"documentUri":{"value":"/15408875997530609629/N316a59e4-2543-46f4-827c-49cd542e8e18-document.msapp"},"imageUris":[],"additionalUris":[{"isSolutionAware":false,"value":"/15408875997530609629/N05f7e4b6-7836-40ec-9c6e-3c4ccce3b43a-identity.json"}]},"createdTime":"0001-01-01T00:00:00Z","lastModifiedTime":"0001-01-01T00:00:00Z","sharedGroupsCount":0,"sharedUsersCount":0,"connectionReferences":{"28a40f43-dcc4-4975-a772-c0ff7beec1f5":{"id":"9b1c6dac-dd7b-4b92-976a-37cf7a7a6962","displayName":"Office 365 Users","iconUri":"https://connectoricons-prod.azureedge.net/releases/v1.0.1715/1.0.1715.3906/office365users/icon.png","dataSources":["Office365Users"],"dependencies":[],"dependents":[],"parameterHints":{},"parameterHintsV2":{},"isOnPremiseConnection":false,"bypassConsent":false,"dataSets":{},"apiTier":"Standard","isCustomApiConnection":false,"actions":["SearchUser","UserPhoto_V2"]},"083535e6-a1a3-4006-9a95-e37d8ccfb9bc":{"id":"26e9a0eb-5a36-43cd-950c-1e5ff327cdda","displayName":"Excel Online (Business)","iconUri":"https://connectoricons-prod.azureedge.net/releases/v1.0.1702/1.0.1702.3814/excelonlinebusiness/icon.png","dataSources":["Table1","Table1_1","Table1_2","Table2"],"dependencies":[],"dependents":[],"parameterHints":{},"parameterHintsV2":{},"isOnPremiseConnection":false,"bypassConsent":false,"dataSets":{"groups%252F3fba4216-de1d-407e-bb21-e3a939a45fdf,b%25218p594_MtBUuGqawBCRU7W-GYZnrBm-pLo13UwsjOn7tQ13SlOra5Rb5XT1j5W3G0,01UENDXNDK4FTVW54G2FHISUJELRFXAU5X":{"dataSources":{"Table1":{"tableName":"{FB3E90EB-03F1-49BB-B69E-62F6CA042533}"}}},"sites%252Fnileuniversityedung.sharepoint.com%252Ce37d9ef2-2df3-4b05-86a9-ac0109153b5b%252C7a6698e1-9bc1-4bea-a35d-d4c2c8ce9fbb,b%25218p594_MtBUuGqawBCRU7W-GYZnrBm-pLo13UwsjOn7tQ13SlOra5Rb5XT1j5W3G0,01UENDXNC5OQVO6GI6QZH2SIXQDOYQF25P":{"dataSources":{"Table1_1":{"tableName":"{2B4573A4-79DA-4630-B167-0CF21255F27C}"}}},"groups%252F3fba4216-de1d-407e-bb21-e3a939a45fdf,b%25218p594_MtBUuGqawBCRU7W-GYZnrBm-pLo13UwsjOn7tQ13SlOra5Rb5XT1j5W3G0,01UENDXNHVN7N6R5ESTNG2CG226KEDSDJA":{"dataSources":{"Table1_2":{"tableName":"{BEA90950-2022-40BF-9EA2-43F2B9CF4816}"}}},"groups%252F3fba4216-de1d-407e-bb21-e3a939a45fdf,b%25218p594_MtBUuGqawBCRU7W-GYZnrBm-pLo13UwsjOn7tQ13SlOra5Rb5XT1j5W3G0,01UENDXNBJRFX2OLZKKZCI4WATB23Q52XP":{"dataSources":{"Table2":{"tableName":"{5AD088AE-7748-4332-92C4-957C4E17DFFC}"}}}},"apiTier":"Standard","isCustomApiConnection":false,"actions":["providers/PowerPlatform.Governance/Operations/Read","providers/PowerPlatform.Governance/Operations/Write","providers/PowerPlatform.Governance/Operations/Delete"]},"729ff024-7370-47b1-bb3a-f665f8adcafa":{"id":"22fd8788-3609-45fe-87ce-701042cac460","displayName":"SharePoint","iconUri":"https://connectoricons-prod.azureedge.net/u/jayawan/releases/v1.0.1697/1.0.1697.3786/sharepointonline/icon.png","dataSources":["Approvals"],"dependencies":[],"dependents":[],"parameterHints":{},"parameterHintsV2":{},"isOnPremiseConnection":false,"bypassConsent":false,"dataSets":{"https://nileuniversityedung.sharepoint.com/sites/performancemanagement":{"dataSources":{"Approvals":{"tableName":"74904321-01cd-4810-8948-58d8f7ec6bb8"}}}},"apiTier":"Standard","isCustomApiConnection":false,"actions":["providers/PowerPlatform.Governance/Operations/Read","providers/PowerPlatform.Governance/Operations/Write"]},"02320889-e1bf-4cfd-a494-cdbb5c41661e":{"id":"e57dab7f-f68a-44ec-ba30-3605563eb7c4","displayName":"Office 365 Outlook","iconUri":"https://connectoricons-prod.azureedge.net/releases/v1.0.1706/1.0.1706.3851/office365/icon.png","dataSources":["Office365Outlook"],"dependencies":[],"dependents":[],"parameterHints":{},"parameterHintsV2":{},"isOnPremiseConnection":false,"bypassConsent":false,"dataSets":{},"apiTier":"Standard","isCustomApiConnection":false,"actions":["SendEmailV2"]},"0b4c6584-1c17-475a-9fdc-8725111d8752":{"id":"26e9a0eb-5a36-43cd-950c-1e5ff327cdda","displayName":"Excel Online (Business)","iconUri":"https://connectoricons-prod.azureedge.net/releases/v1.0.1702/1.0.1702.3814/excelonlinebusiness/icon.png","dataSources":["Table1_3","Table1_4"],"dependencies":[],"dependents":[],"parameterHints":{},"parameterHintsV2":{},"isOnPremiseConnection":false,"bypassConsent":false,"dataSets":{"groups%252F3fba4216-de1d-407e-bb21-e3a939a45fdf,b%25218p594_MtBUuGqawBCRU7W-GYZnrBm-pLo13UwsjOn7tQ13SlOra5Rb5XT1j5W3G0,01UENDXNFPETYAEQYEKBDIOQYWEW3PQT6S":{"dataSources":{"Table1_3":{"tableName":"{4C2CBC6C-F99D-4B0C-AD48-5A99B7849B6F}"}}},"groups%252F3fba4216-de1d-407e-bb21-e3a939a45fdf,b%25218p594_MtBUuGqawBCRU7W-GYZnrBm-pLo13UwsjOn7tQ13SlOra5Rb5XT1j5W3G0,01UENDXNFWC4TVWX7KKJBZDQD64QHHVIB3":{"dataSources":{"Table1_4":{"tableName":"{FAB42903-1747-4CA6-A62B-0C7CEAC9724D}"}}}},"apiTier":"Standard","isCustomApiConnection":false,"actions":["providers/PowerPlatform.Governance/Operations/Read","providers/PowerPlatform.Governance/Operations/Write","providers/PowerPlatform.Governance/Operations/Delete"]},"b96275c8-2190-4bad-ab7c-bd5af018086f":{"id":"22fd8788-3609-45fe-87ce-701042cac460","displayName":"SharePoint","iconUri":"https://connectoricons-prod.azureedge.net/u/jayawan/releases/v1.0.1697/1.0.1697.3786/sharepointonline/icon.png","dataSources":["ToggleList"],"dependencies":[],"dependents":[],"parameterHints":{},"parameterHintsV2":{},"isOnPremiseConnection":false,"bypassConsent":false,"dataSets":{"https://nileuniversityedung.sharepoint.com/sites/performancemanagement":{"dataSources":{"ToggleList":{"tableName":"4245f231-59fa-4e6e-9105-0130302db2ff"}}}},"apiTier":"Standard","isCustomApiConnection":false,"actions":["providers/PowerPlatform.Governance/Operations/Read","providers/PowerPlatform.Governance/Operations/Write"]}},"databaseReferences":{},"almMode":"Environment","performanceOptimizationEnabled":true,"canConsumeAppPass":true,"enableModernRuntimeMode":false,"executionRestrictions":{"isTeamsOnly":false,"dataLossPreventionEvaluationResult":{"status":"Compliant","lastEvaluationDate":"2024-06-10T09:27:13.4209546Z","violations":[],"violationsByPolicy":[],"violationErrorMessage":"The app uses the following connectors: ."}}},"appType":"ClassicCanvasApp","appComponents":[]}}